{"cameraMode":{"drawMode":0,"name":"Shaded","section":"Shading Mode"},"sceneLighting":true,"audioPlay":false,"sceneViewState":{"showFog":true,"showMaterialUpdate":false,"showSkybox":true,"showFlares":true,"showImageEffects":true,"showParticleSystems":true,"showVisualEffectGraphs":true,"m_FxEnabled":true},"in2DMode":false,"pivot":{"x":0.15836095809936524,"y":3.1921844482421877,"z":-0.2833244800567627},"rotation":{"x":-0.28303876519203188,"y":-0.41136494278907778,"z":0.13616332411766053,"w":-0.8555954694747925},"size":2.6926047801971437,"orthographic":false}