{"cameraMode":{"drawMode":0,"name":"Shaded","section":"Shading Mode"},"sceneLighting":true,"audioPlay":false,"sceneViewState":{"showFog":true,"showMaterialUpdate":false,"showSkybox":true,"showFlares":true,"showImageEffects":true,"showParticleSystems":true,"showVisualEffectGraphs":true,"m_FxEnabled":true},"in2DMode":false,"pivot":{"x":1.4911861419677735,"y":-0.6383159756660461,"z":1.6972527503967286},"rotation":{"x":0.19517162442207337,"y":0.32587969303131106,"z":-0.06896576285362244,"w":0.9224430918693543},"size":3.9634997844696047,"orthographic":false}